{"cameraMode":{"drawMode":0,"name":"Shaded","section":"Shading Mode"},"sceneLighting":true,"audioPlay":false,"sceneViewState":{"showFog":true,"showMaterialUpdate":false,"showSkybox":true,"showFlares":true,"showImageEffects":true,"showParticleSystems":true},"in2DMode":false,"pivot":{"x":4.38037109375,"y":2.188720703125,"z":1.07470703125},"rotation":{"x":0.10308802872896195,"y":-0.3819436728954315,"z":0.04291802644729614,"w":0.9174171686172485},"size":6.049203872680664,"orthographic":true}