{"cameraMode":{"drawMode":0,"name":"Shaded","section":"Shading Mode"},"sceneLighting":true,"audioPlay":false,"sceneViewState":{"showFog":true,"showMaterialUpdate":false,"showSkybox":true,"showFlares":true,"showImageEffects":true,"showParticleSystems":true},"in2DMode":false,"pivot":{"x":860.1340942382813,"y":108.95263671875,"z":604.2245483398438},"rotation":{"x":0.25244298577308657,"y":-0.2236502319574356,"z":0.06009495258331299,"w":0.9394959211349487},"size":1615.5067138671875,"orthographic":false}