{"cameraMode":{"drawMode":0,"name":"Shaded","section":"Shading Mode"},"sceneLighting":true,"audioPlay":false,"sceneViewState":{"showFog":true,"showMaterialUpdate":false,"showSkybox":true,"showFlares":true,"showImageEffects":true,"showParticleSystems":true},"in2DMode":false,"pivot":{"x":1.92431640625,"y":2.45166015625,"z":-1.3037109375},"rotation":{"x":0.10308802872896195,"y":-0.3819436728954315,"z":0.04291802644729614,"w":0.9174171686172485},"size":6.049203872680664,"orthographic":true}